StudentID,Age,Gender,Ethnicity,ParentalEducation,StudyTimeWeekly,Absences,Tutoring,ParentalSupport,Extracurricular,Sports,Music,Volunteering,GPA,GradeClass
5000,18,0,1,2,20,5,0,1,1,1,1,1,3.74,3.0
5001,16,1,1,1,10,10,0,2,1,1,1,1,2.87,4.0
5002,17,1,2,1,20,0,0,3,1,1,1,1,1.47,1.0
5003,16,0,2,1,15,25,0,3,1,1,1,1,3.88,3.0
5004,17,0,2,3,10,15,0,2,1,1,1,1,2.14,2.0
5005,15,1,0,3,25,10,0,3,1,1,1,1,2.65,2.0
5006,18,1,2,1,20,0,0,1,1,1,1,1,3.18,1.0
5007,17,1,0,1,10,0,0,3,1,1,1,1,1.41,4.0
5008,18,0,0,3,20,30,0,1,1,1,1,1,2.91,1.0
5009,15,0,2,2,20,10,0,3,1,1,1,1,2.51,2.0
5010,16,0,2,1,10,0,0,1,1,1,1,1,1.02,3.0
5011,16,0,0,2,20,20,0,1,1,1,1,1,1.81,2.0
5012,18,0,1,2,25,20,0,3,1,1,1,1,1.08,2.0
5013,18,0,0,1,25,15,0,3,1,1,1,1,2.3,1.0
5014,18,1,2,1,15,5,0,3,1,1,1,1,1.01,2.0
5015,16,0,1,3,15,30,0,2,1,1,1,1,3.2,2.0
5016,15,0,0,1,10,0,0,1,1,1,1,1,2.16,4.0
5017,16,0,1,3,15,10,0,1,1,1,1,1,3.72,3.0
5018,17,0,1,2,30,5,0,1,1,1,1,1,2.34,2.0
5019,17,0,2,1,15,25,0,3,1,1,1,1,1.41,3.0
5020,18,0,1,2,25,10,0,1,1,1,1,1,1.55,1.0
5021,17,0,0,3,20,0,0,3,1,1,1,1,1.48,1.0
5022,18,0,0,2,30,25,0,2,1,1,1,1,3.58,1.0
5023,17,1,0,3,25,30,0,1,1,1,1,1,4.0,1.0
5024,15,1,0,3,15,25,0,3,1,1,1,1,3.44,2.0
5025,15,0,0,3,20,15,0,2,1,1,1,1,3.01,4.0
5026,17,1,0,2,30,10,0,3,1,1,1,1,2.71,1.0
5027,17,0,0,2,30,30,0,2,1,1,1,1,1.4,4.0
5028,16,0,1,3,30,15,0,1,1,1,1,1,3.43,1.0
5029,15,1,2,1,15,20,0,1,1,1,1,1,3.41,4.0
5030,15,0,1,2,10,15,0,3,1,1,1,1,2.23,1.0
5031,18,0,2,1,30,25,0,2,1,1,1,1,1.31,4.0
5032,17,1,2,2,25,25,0,2,1,1,1,1,2.34,2.0
5033,16,1,1,2,15,0,0,3,1,1,1,1,3.91,2.0
5034,17,0,1,3,10,15,0,2,1,1,1,1,3.63,1.0
5035,15,1,0,1,30,15,0,2,1,1,1,1,3.78,1.0
5036,17,0,1,3,30,20,0,2,1,1,1,1,2.91,1.0
5037,15,0,0,3,20,30,0,2,1,1,1,1,3.56,1.0
5038,17,0,2,2,30,20,0,3,1,1,1,1,2.32,4.0
5039,16,0,1,2,10,15,0,3,1,1,1,1,1.88,2.0
5040,16,0,2,1,30,20,0,1,1,1,1,1,1.67,4.0
5041,16,1,0,1,20,25,0,2,1,1,1,1,2.24,1.0
5042,17,1,0,3,25,5,0,2,1,1,1,1,2.76,2.0
5043,15,1,1,1,25,5,0,3,1,1,1,1,2.91,2.0
5044,15,1,0,1,25,0,0,3,1,1,1,1,2.84,1.0
5045,17,1,1,1,20,5,0,2,1,1,1,1,3.01,2.0
5046,15,0,1,2,25,15,0,3,1,1,1,1,3.58,1.0
5047,17,0,2,1,15,30,0,3,1,1,1,1,2.88,1.0
5048,17,0,0,3,20,10,0,2,1,1,1,1,3.1,2.0
5049,17,0,2,3,30,5,0,1,1,1,1,1,1.47,2.0
5050,16,0,2,1,25,20,0,2,1,1,1,1,2.49,2.0
5051,17,1,1,1,20,25,0,3,1,1,1,1,1.79,1.0
5052,16,1,2,3,10,5,0,2,1,1,1,1,1.27,4.0
5053,17,1,2,2,10,10,0,3,1,1,1,1,3.51,4.0
5054,18,1,0,1,10,20,0,2,1,1,1,1,1.46,3.0
5055,15,0,1,2,10,30,0,2,1,1,1,1,2.1,1.0
5056,15,0,1,3,10,5,0,3,1,1,1,1,3.1,2.0
5057,17,1,2,1,25,0,0,3,1,1,1,1,3.9,1.0
5058,15,0,1,3,20,10,0,1,1,1,1,1,2.78,3.0
5059,16,1,1,1,25,25,0,1,1,1,1,1,1.8,2.0
5060,15,0,2,3,10,15,0,2,1,1,1,1,1.78,1.0
5061,15,1,0,3,25,15,0,2,1,1,1,1,1.23,4.0
5062,15,1,1,3,15,15,0,1,1,1,1,1,3.97,4.0
5063,15,0,2,3,15,25,0,1,1,1,1,1,2.84,4.0
5064,17,0,1,2,20,15,0,3,1,1,1,1,1.1,2.0
5065,15,0,0,3,10,20,0,2,1,1,1,1,3.03,1.0
5066,16,1,2,1,15,20,0,1,1,1,1,1,2.18,1.0
5067,16,0,0,1,15,5,0,2,1,1,1,1,3.15,4.0
5068,15,0,2,3,15,5,0,3,1,1,1,1,2.3,3.0
5069,18,1,1,2,20,10,0,1,1,1,1,1,3.57,1.0
5070,18,0,2,3,25,10,0,3,1,1,1,1,1.58,1.0
5071,15,1,2,2,15,30,0,2,1,1,1,1,2.46,2.0
5072,15,0,1,1,30,0,0,1,1,1,1,1,2.24,3.0
5073,18,0,2,2,15,20,0,2,1,1,1,1,3.14,1.0
5074,18,1,1,3,25,25,0,2,1,1,1,1,2.18,2.0
5075,17,0,1,3,25,30,0,1,1,1,1,1,2.19,4.0
5076,15,0,2,2,30,15,0,1,1,1,1,1,1.28,4.0
5077,15,1,0,3,30,5,0,3,1,1,1,1,1.64,2.0
5078,17,0,0,2,15,25,0,3,1,1,1,1,3.24,3.0
5079,15,1,2,2,30,25,0,2,1,1,1,1,1.22,2.0
5080,18,0,2,3,20,20,0,2,1,1,1,1,2.08,2.0
5081,16,0,2,3,20,10,0,3,1,1,1,1,2.21,3.0
5082,17,0,1,3,30,30,0,2,1,1,1,1,3.81,4.0
5083,16,1,2,1,15,25,0,1,1,1,1,1,2.94,1.0
5084,18,0,2,1,10,20,0,3,1,1,1,1,1.46,4.0
5085,15,0,0,3,30,25,0,2,1,1,1,1,2.53,2.0
5086,18,1,0,1,30,15,0,2,1,1,1,1,1.0,2.0
5087,16,1,2,3,30,30,0,1,1,1,1,1,2.9,2.0
5088,15,1,0,3,25,25,0,2,1,1,1,1,1.61,3.0
5089,16,0,2,2,10,20,0,3,1,1,1,1,3.7,3.0
5090,18,0,1,1,10,0,0,2,1,1,1,1,1.47,2.0
5091,17,0,1,3,30,20,0,1,1,1,1,1,1.14,1.0
5092,17,0,0,3,10,0,0,2,1,1,1,1,1.88,1.0
5093,16,1,1,2,15,15,0,2,1,1,1,1,2.62,2.0
5094,18,1,1,2,10,20,0,1,1,1,1,1,3.32,4.0
5095,16,0,2,2,25,15,0,2,1,1,1,1,2.55,2.0
5096,18,1,2,2,10,20,0,2,1,1,1,1,1.12,3.0
5097,17,1,1,2,25,25,0,3,1,1,1,1,2.88,4.0
5098,16,1,0,3,20,20,0,3,1,1,1,1,2.93,4.0
5099,18,1,1,1,30,10,0,2,1,1,1,1,2.06,1.0
5100,16,0,0,2,20,20,0,2,1,1,1,1,3.44,2.0
5101,16,1,2,2,20,5,0,2,1,1,1,1,1.56,2.0
5102,16,1,0,2,20,30,0,2,1,1,1,1,1.53,1.0
5103,16,1,1,2,10,5,0,2,1,1,1,1,1.72,1.0
5104,17,0,1,2,30,15,0,3,1,1,1,1,3.82,3.0
5105,16,0,2,3,20,5,0,2,1,1,1,1,2.34,4.0
5106,15,0,1,1,15,10,0,2,1,1,1,1,1.93,2.0
5107,16,0,1,1,20,0,0,1,1,1,1,1,3.78,3.0
5108,16,0,2,1,20,30,0,3,1,1,1,1,1.31,4.0
5109,17,0,2,1,10,5,0,3,1,1,1,1,1.4,2.0
5110,15,1,2,1,25,25,0,2,1,1,1,1,2.53,4.0
5111,17,0,2,3,25,0,0,2,1,1,1,1,2.6,3.0
5112,15,1,1,3,20,0,0,1,1,1,1,1,3.59,3.0
5113,18,0,2,2,10,10,0,3,1,1,1,1,3.42,1.0
5114,17,0,0,2,15,15,0,3,1,1,1,1,1.64,4.0
5115,15,0,1,3,30,20,0,1,1,1,1,1,2.08,2.0
5116,17,1,1,2,15,0,0,1,1,1,1,1,1.44,2.0
5117,15,0,2,3,15,0,0,2,1,1,1,1,1.04,2.0
5118,18,0,2,3,15,5,0,1,1,1,1,1,1.49,4.0
5119,16,1,2,2,20,25,0,2,1,1,1,1,3.8,2.0
5120,16,1,2,3,10,0,0,3,1,1,1,1,2.42,2.0
5121,18,0,2,2,30,15,0,1,1,1,1,1,1.87,4.0
5122,17,1,2,2,20,5,0,3,1,1,1,1,1.81,1.0
5123,17,0,2,2,30,10,0,3,1,1,1,1,1.55,2.0
5124,16,0,2,2,30,30,0,1,1,1,1,1,1.33,4.0
5125,15,1,0,2,15,0,0,2,1,1,1,1,1.35,1.0
5126,15,0,1,3,10,10,0,1,1,1,1,1,1.47,2.0
5127,18,0,2,2,10,20,0,2,1,1,1,1,1.42,4.0
5128,17,1,2,1,25,10,0,2,1,1,1,1,2.09,4.0
5129,18,1,0,1,15,5,0,1,1,1,1,1,2.14,3.0
5130,18,1,1,2,10,20,0,2,1,1,1,1,1.55,2.0
5131,15,1,0,2,25,15,0,2,1,1,1,1,3.58,1.0
5132,18,1,2,1,15,0,0,1,1,1,1,1,2.66,1.0
5133,18,0,2,1,20,20,0,2,1,1,1,1,2.68,4.0
5134,18,0,2,3,20,30,0,1,1,1,1,1,2.69,3.0
5135,17,1,1,2,20,5,0,2,1,1,1,1,2.16,1.0
5136,15,1,1,1,25,25,0,3,1,1,1,1,1.13,2.0
5137,18,0,0,2,15,5,0,2,1,1,1,1,3.28,3.0
5138,16,1,1,1,30,30,0,2,1,1,1,1,3.66,1.0
5139,17,0,0,1,25,30,0,1,1,1,1,1,3.67,4.0
5140,16,0,2,2,20,20,0,2,1,1,1,1,3.08,2.0
5141,17,1,2,2,25,20,0,3,1,1,1,1,2.89,1.0
5142,17,1,2,2,15,15,0,2,1,1,1,1,3.22,4.0
5143,18,0,2,2,15,25,0,3,1,1,1,1,2.23,4.0
5144,17,1,0,1,10,15,0,1,1,1,1,1,3.87,4.0
5145,17,0,1,1,10,10,0,3,1,1,1,1,3.99,2.0
5146,18,0,2,1,25,15,0,3,1,1,1,1,1.23,1.0
5147,17,0,1,3,25,15,0,1,1,1,1,1,3.61,2.0
5148,17,1,2,1,10,30,0,1,1,1,1,1,2.01,3.0
5149,18,0,2,2,10,10,0,3,1,1,1,1,3.05,4.0
5150,16,1,2,2,10,25,0,3,1,1,1,1,1.19,4.0
5151,18,0,0,1,10,15,0,1,1,1,1,1,3.89,3.0
5152,15,0,1,2,25,10,0,2,1,1,1,1,1.44,1.0
5153,16,1,2,3,25,5,0,3,1,1,1,1,1.95,1.0
5154,18,0,0,3,30,0,0,1,1,1,1,1,3.79,4.0
5155,15,1,2,1,20,5,0,3,1,1,1,1,2.0,2.0
5156,18,1,1,2,25,25,0,2,1,1,1,1,2.81,2.0
5157,15,0,2,2,20,30,0,1,1,1,1,1,3.71,3.0
5158,16,1,1,3,25,25,0,2,1,1,1,1,3.24,2.0
5159,15,0,0,2,10,0,0,2,1,1,1,1,1.87,4.0
5160,15,1,0,1,15,25,0,2,1,1,1,1,2.53,4.0
5161,16,1,0,1,30,10,0,2,1,1,1,1,3.32,3.0
5162,17,0,1,1,30,20,0,3,1,1,1,1,2.57,1.0
5163,16,1,1,1,20,0,0,2,1,1,1,1,3.14,4.0
5164,16,1,0,2,15,10,0,2,1,1,1,1,2.5,2.0
5165,16,0,2,2,15,10,0,2,1,1,1,1,3.82,3.0
5166,18,1,1,1,20,15,0,2,1,1,1,1,1.76,2.0
5167,16,0,0,3,30,0,0,1,1,1,1,1,1.35,1.0
5168,17,0,2,2,15,30,0,2,1,1,1,1,1.18,4.0
5169,16,1,0,3,25,5,0,2,1,1,1,1,3.83,4.0
5170,18,1,0,1,15,20,0,3,1,1,1,1,2.7,3.0
5171,15,0,0,1,25,25,0,3,1,1,1,1,1.55,3.0
5172,15,1,2,1,20,20,0,2,1,1,1,1,2.12,3.0
5173,15,1,1,2,20,30,0,3,1,1,1,1,1.39,1.0
5174,17,0,1,1,10,30,0,1,1,1,1,1,3.05,4.0
5175,15,1,2,1,20,0,0,2,1,1,1,1,2.65,3.0
5176,16,1,1,1,15,0,0,2,1,1,1,1,3.21,1.0
5177,18,1,2,3,15,5,0,3,1,1,1,1,3.92,3.0
5178,16,0,2,1,15,10,0,3,1,1,1,1,3.56,4.0
5179,15,1,0,1,20,5,0,2,1,1,1,1,3.51,3.0
5180,17,1,1,3,20,0,0,1,1,1,1,1,3.65,4.0
5181,17,0,2,3,15,25,0,2,1,1,1,1,1.54,2.0
5182,15,0,0,2,10,10,0,2,1,1,1,1,2.79,3.0
5183,17,1,2,3,10,10,0,1,1,1,1,1,1.44,2.0
5184,17,0,0,2,15,15,0,2,1,1,1,1,3.69,1.0
5185,18,0,0,3,15,10,0,1,1,1,1,1,3.79,4.0
5186,15,1,0,3,10,10,0,2,1,1,1,1,1.93,3.0
5187,16,0,2,1,20,25,0,2,1,1,1,1,3.64,4.0
5188,15,1,2,2,15,10,0,3,1,1,1,1,3.59,2.0
5189,15,1,0,3,25,5,0,3,1,1,1,1,1.29,1.0
5190,17,0,0,1,25,0,0,1,1,1,1,1,2.67,2.0
5191,17,0,0,1,30,20,0,2,1,1,1,1,2.24,2.0
5192,17,1,1,1,25,30,0,2,1,1,1,1,1.93,4.0
5193,17,0,2,3,30,10,0,1,1,1,1,1,3.41,1.0
5194,16,1,2,2,30,10,0,2,1,1,1,1,2.19,1.0
5195,17,1,0,2,25,10,0,2,1,1,1,1,3.6,1.0
5196,18,1,0,3,30,30,0,1,1,1,1,1,2.96,4.0
5197,17,1,2,1,10,30,0,3,1,1,1,1,1.44,1.0
5198,17,1,2,2,15,20,0,2,1,1,1,1,2.58,1.0
5199,16,1,0,1,15,0,0,1,1,1,1,1,3.98,1.0
5200,15,1,2,3,25,10,0,1,1,1,1,1,3.99,2.0
5201,15,1,2,3,25,25,0,1,1,1,1,1,3.98,1.0
5202,16,0,0,2,15,0,0,3,1,1,1,1,2.57,2.0
5203,17,1,0,3,30,25,0,2,1,1,1,1,1.21,3.0
5204,17,0,0,1,10,5,0,2,1,1,1,1,2.02,4.0
5205,16,1,1,1,25,15,0,1,1,1,1,1,2.01,3.0
5206,16,1,1,2,20,25,0,3,1,1,1,1,1.89,4.0
5207,18,0,1,1,25,15,0,3,1,1,1,1,1.74,4.0
5208,16,0,0,2,15,10,0,2,1,1,1,1,3.13,4.0
5209,16,1,2,1,20,30,0,2,1,1,1,1,2.28,1.0
5210,15,1,0,1,25,10,0,2,1,1,1,1,3.06,1.0
5211,16,0,0,2,15,5,0,3,1,1,1,1,3.73,1.0
5212,17,1,1,2,30,10,0,1,1,1,1,1,1.52,2.0
5213,17,0,0,1,10,5,0,1,1,1,1,1,1.95,4.0
5214,18,1,0,1,10,20,0,3,1,1,1,1,1.99,2.0
5215,17,0,0,3,20,20,0,2,1,1,1,1,2.64,4.0
5216,16,0,2,1,10,0,0,3,1,1,1,1,3.09,3.0
5217,16,1,2,1,10,10,0,3,1,1,1,1,2.47,4.0
5218,16,0,1,1,20,0,0,1,1,1,1,1,3.04,3.0
5219,18,0,0,3,20,0,0,1,1,1,1,1,1.96,4.0
5220,17,1,0,3,15,20,0,3,1,1,1,1,1.66,1.0
5221,15,1,1,3,30,10,0,3,1,1,1,1,1.56,1.0
5222,16,1,0,3,30,20,0,3,1,1,1,1,3.15,3.0
5223,17,1,2,3,25,25,0,2,1,1,1,1,1.47,2.0
5224,17,1,1,3,15,10,0,1,1,1,1,1,2.4,3.0
5225,17,0,0,3,10,15,0,1,1,1,1,1,2.64,4.0
5226,17,0,2,1,25,5,0,1,1,1,1,1,2.52,4.0
5227,15,0,1,3,20,30,0,2,1,1,1,1,1.77,1.0
5228,15,0,1,1,30,10,0,2,1,1,1,1,2.69,3.0
5229,16,1,2,1,15,0,0,3,1,1,1,1,2.23,3.0
5230,15,1,0,3,30,25,0,3,1,1,1,1,1.8,1.0
5231,16,0,2,3,25,5,0,2,1,1,1,1,3.39,3.0
5232,16,0,0,3,20,30,0,2,1,1,1,1,3.04,3.0
5233,17,1,0,1,25,10,0,2,1,1,1,1,2.55,1.0
5234,15,1,1,1,25,10,0,2,1,1,1,1,3.92,1.0
5235,17,0,0,1,20,15,0,1,1,1,1,1,3.32,1.0
5236,18,0,1,1,25,30,0,1,1,1,1,1,2.97,1.0
5237,15,0,0,3,30,30,0,3,1,1,1,1,3.35,4.0
5238,15,1,1,2,30,0,0,3,1,1,1,1,3.67,1.0
5239,17,0,2,3,20,10,0,1,1,1,1,1,1.67,3.0
5240,18,1,1,2,15,25,0,1,1,1,1,1,2.86,4.0
5241,16,1,2,3,20,10,0,3,1,1,1,1,1.45,4.0
5242,17,0,1,2,15,25,0,3,1,1,1,1,2.39,3.0
5243,16,1,0,2,15,0,0,2,1,1,1,1,3.47,4.0
5244,15,0,2,3,15,25,0,2,1,1,1,1,3.39,1.0
5245,17,1,0,3,10,0,0,1,1,1,1,1,1.71,4.0
5246,18,1,1,3,30,0,0,2,1,1,1,1,1.71,4.0
5247,17,1,2,3,15,25,0,1,1,1,1,1,3.67,3.0
5248,17,0,1,3,15,30,0,2,1,1,1,1,1.34,4.0
5249,15,0,0,3,20,5,0,1,1,1,1,1,1.56,2.0
5250,17,0,2,1,15,10,0,2,1,1,1,1,2.23,2.0
5251,16,1,0,3,15,0,0,1,1,1,1,1,2.3,4.0
5252,18,0,0,1,25,30,0,3,1,1,1,1,1.45,3.0
5253,15,1,2,3,25,25,0,1,1,1,1,1,2.42,4.0
5254,17,0,1,3,20,30,0,3,1,1,1,1,3.45,3.0
5255,18,0,2,2,20,25,0,3,1,1,1,1,3.06,1.0
5256,18,0,0,1,25,30,0,2,1,1,1,1,3.93,2.0
5257,17,0,0,3,30,0,0,3,1,1,1,1,2.37,3.0
5258,15,1,0,3,30,20,0,3,1,1,1,1,2.9,4.0
5259,17,1,2,3,25,20,0,1,1,1,1,1,2.59,4.0
5260,18,0,2,1,30,20,0,2,1,1,1,1,2.59,1.0
5261,15,1,2,2,25,25,0,2,1,1,1,1,2.68,1.0
5262,18,1,0,1,30,15,0,3,1,1,1,1,2.85,2.0
5263,18,0,1,1,30,0,0,3,1,1,1,1,1.93,3.0
5264,17,0,2,1,10,25,0,3,1,1,1,1,3.06,2.0
5265,15,0,2,2,15,30,0,2,1,1,1,1,2.2,4.0
5266,17,1,2,2,15,25,0,3,1,1,1,1,1.82,3.0
5267,16,0,1,2,25,0,0,3,1,1,1,1,1.95,4.0
5268,18,0,1,3,10,25,0,3,1,1,1,1,1.25,4.0
5269,16,0,1,3,10,0,0,1,1,1,1,1,1.2,2.0
5270,15,1,2,3,10,5,0,1,1,1,1,1,1.94,1.0
5271,18,1,2,2,15,20,0,2,1,1,1,1,1.59,1.0
5272,16,1,1,1,30,20,0,3,1,1,1,1,1.23,4.0
5273,18,1,1,2,30,10,0,3,1,1,1,1,2.25,1.0
5274,17,0,2,3,25,30,0,1,1,1,1,1,1.28,2.0
5275,16,1,0,2,15,0,0,3,1,1,1,1,1.12,1.0
5276,15,1,1,3,15,30,0,3,1,1,1,1,1.55,3.0
5277,18,0,0,1,30,15,0,2,1,1,1,1,3.89,2.0
5278,17,0,0,2,15,25,0,3,1,1,1,1,2.47,1.0
5279,18,0,2,2,10,25,0,2,1,1,1,1,1.25,3.0
5280,16,1,2,1,15,15,0,3,1,1,1,1,3.46,4.0
5281,18,1,1,3,25,10,0,2,1,1,1,1,1.78,4.0
5282,16,1,2,1,15,30,0,3,1,1,1,1,1.28,2.0
5283,15,0,2,2,25,5,0,1,1,1,1,1,3.24,2.0
5284,15,1,0,2,15,0,0,3,1,1,1,1,3.91,4.0
5285,15,0,0,3,15,0,0,3,1,1,1,1,3.11,2.0
5286,18,1,2,2,25,15,0,1,1,1,1,1,3.92,2.0
5287,16,0,2,1,25,0,0,2,1,1,1,1,1.9,4.0
5288,16,0,0,3,30,20,0,2,1,1,1,1,2.51,1.0
5289,18,1,0,1,10,10,0,3,1,1,1,1,3.13,1.0
5290,15,1,2,1,10,0,0,3,1,1,1,1,1.4,2.0
5291,15,0,0,2,25,25,0,3,1,1,1,1,3.99,1.0
5292,15,1,1,2,30,25,0,1,1,1,1,1,3.15,2.0
5293,15,0,2,3,10,30,0,2,1,1,1,1,1.32,4.0
5294,17,1,2,1,10,5,0,3,1,1,1,1,2.68,3.0
5295,16,1,1,1,15,10,0,2,1,1,1,1,3.05,3.0
5296,16,1,2,1,10,0,0,2,1,1,1,1,3.16,3.0
5297,17,1,0,2,25,30,0,1,1,1,1,1,3.42,3.0
5298,16,0,0,1,10,30,0,3,1,1,1,1,3.7,4.0
5299,17,0,2,1,10,25,0,3,1,1,1,1,2.32,2.0
5300,15,0,2,3,25,25,0,1,1,1,1,1,3.3,3.0
5301,17,0,2,3,10,20,0,1,1,1,1,1,3.28,4.0
5302,16,1,2,2,25,15,0,3,1,1,1,1,2.78,1.0
5303,17,0,2,3,10,0,0,1,1,1,1,1,3.98,4.0
5304,18,1,1,1,20,0,0,1,1,1,1,1,1.8,4.0
5305,15,1,2,2,20,15,0,1,1,1,1,1,1.98,3.0
5306,15,0,1,3,20,25,0,3,1,1,1,1,1.8,2.0
5307,18,0,2,3,10,15,0,3,1,1,1,1,3.98,1.0
5308,18,1,1,1,10,20,0,2,1,1,1,1,3.31,2.0
5309,16,1,0,1,10,25,0,2,1,1,1,1,2.54,1.0
5310,16,1,1,3,25,25,0,2,1,1,1,1,1.5,3.0
5311,17,0,1,3,30,5,0,1,1,1,1,1,1.04,1.0
5312,16,1,2,1,10,10,0,1,1,1,1,1,2.52,4.0
5313,15,0,2,3,20,15,0,2,1,1,1,1,2.77,1.0
5314,15,1,2,3,15,10,0,1,1,1,1,1,3.95,3.0
5315,18,1,0,1,30,0,0,3,1,1,1,1,1.72,4.0
5316,16,0,0,1,20,15,0,1,1,1,1,1,1.24,4.0
5317,17,0,1,2,10,30,0,3,1,1,1,1,2.25,2.0
5318,17,1,1,2,20,20,0,1,1,1,1,1,1.81,4.0
5319,16,0,0,2,25,25,0,2,1,1,1,1,1.65,4.0
5320,18,0,2,1,30,20,0,2,1,1,1,1,3.67,2.0
5321,17,1,2,2,20,5,0,1,1,1,1,1,1.97,4.0
5322,16,1,2,1,20,5,0,2,1,1,1,1,2.74,2.0
5323,17,1,1,1,15,0,0,1,1,1,1,1,3.89,2.0
5324,15,1,1,1,25,10,0,1,1,1,1,1,2.96,3.0
5325,15,1,1,1,10,25,0,1,1,1,1,1,1.68,3.0
5326,17,0,0,3,25,5,0,3,1,1,1,1,2.5,1.0
5327,18,0,2,2,10,10,0,1,1,1,1,1,1.33,3.0
5328,17,0,1,1,10,0,0,1,1,1,1,1,1.53,4.0
5329,18,0,2,3,10,10,0,3,1,1,1,1,2.57,1.0
5330,16,0,1,1,10,10,0,2,1,1,1,1,3.81,1.0
5331,18,1,2,3,10,25,0,3,1,1,1,1,3.15,3.0
5332,16,1,2,2,15,15,0,3,1,1,1,1,2.08,1.0
5333,16,1,0,2,30,15,0,2,1,1,1,1,1.26,3.0
5334,18,0,1,2,20,10,0,1,1,1,1,1,2.32,1.0
5335,15,1,1,1,10,25,0,2,1,1,1,1,3.9,3.0
5336,17,1,1,1,25,15,0,2,1,1,1,1,2.77,1.0
5337,15,1,0,3,15,20,0,1,1,1,1,1,2.89,2.0
5338,16,1,0,1,20,10,0,2,1,1,1,1,1.69,1.0
5339,15,0,1,3,25,15,0,2,1,1,1,1,1.85,2.0
5340,18,1,1,1,15,20,0,3,1,1,1,1,1.37,3.0
5341,18,0,0,1,15,10,0,1,1,1,1,1,1.66,4.0
5342,17,0,1,1,10,25,0,1,1,1,1,1,2.27,2.0
5343,18,1,0,2,15,30,0,1,1,1,1,1,2.33,1.0
5344,16,0,0,1,10,5,0,3,1,1,1,1,1.49,2.0
5345,16,1,2,2,20,25,0,3,1,1,1,1,1.08,1.0
5346,18,0,0,1,30,25,0,2,1,1,1,1,3.76,4.0
5347,15,0,2,2,30,5,0,2,1,1,1,1,2.77,1.0
5348,15,1,1,1,10,5,0,3,1,1,1,1,3.47,3.0
5349,16,1,1,1,10,15,0,1,1,1,1,1,3.01,1.0
5350,15,0,0,2,15,15,0,2,1,1,1,1,3.53,3.0
5351,18,1,0,1,30,0,0,2,1,1,1,1,3.32,2.0
5352,17,0,1,3,15,10,0,3,1,1,1,1,3.37,3.0
5353,15,0,0,3,25,0,0,1,1,1,1,1,2.96,3.0
5354,17,1,1,2,15,15,0,2,1,1,1,1,3.31,1.0
5355,15,0,1,2,25,5,0,1,1,1,1,1,3.71,2.0
5356,16,0,2,1,30,30,0,1,1,1,1,1,3.9,4.0
5357,17,0,1,3,15,5,0,1,1,1,1,1,3.99,3.0
5358,17,0,2,3,10,15,0,2,1,1,1,1,3.29,4.0
5359,17,1,1,1,20,20,0,2,1,1,1,1,1.26,1.0
5360,17,0,0,1,25,0,0,1,1,1,1,1,1.56,3.0
5361,16,0,1,3,30,10,0,3,1,1,1,1,3.3,2.0
5362,16,1,0,3,30,0,0,2,1,1,1,1,2.55,3.0
5363,18,0,0,1,30,30,0,2,1,1,1,1,3.35,4.0
5364,15,0,2,3,15,15,0,1,1,1,1,1,1.75,2.0
5365,15,1,1,2,25,30,0,3,1,1,1,1,1.28,3.0
5366,18,0,0,2,15,25,0,2,1,1,1,1,3.44,1.0
5367,16,0,1,3,30,10,0,1,1,1,1,1,2.76,3.0
5368,18,0,2,1,10,10,0,1,1,1,1,1,1.68,3.0
5369,15,0,2,3,20,15,0,3,1,1,1,1,3.31,3.0
5370,16,0,2,1,25,10,0,2,1,1,1,1,3.23,3.0
5371,16,0,0,2,15,0,0,3,1,1,1,1,2.34,2.0
5372,17,1,1,2,20,25,0,1,1,1,1,1,1.29,1.0
5373,16,1,0,1,20,10,0,2,1,1,1,1,3.03,4.0
5374,15,1,1,3,30,20,0,1,1,1,1,1,2.01,3.0
5375,15,0,1,1,15,0,0,1,1,1,1,1,2.88,3.0
5376,17,1,2,3,15,5,0,2,1,1,1,1,2.76,2.0
5377,18,0,0,1,25,15,0,3,1,1,1,1,1.1,4.0
5378,16,1,0,3,30,20,0,1,1,1,1,1,1.04,3.0
5379,18,1,0,1,10,5,0,3,1,1,1,1,1.72,3.0
5380,16,1,0,1,20,20,0,1,1,1,1,1,1.95,2.0
5381,15,1,2,2,15,20,0,1,1,1,1,1,3.5,3.0
5382,16,0,0,3,30,20,0,3,1,1,1,1,3.06,3.0
5383,17,1,2,2,10,10,0,3,1,1,1,1,2.75,4.0
5384,17,0,2,2,10,0,0,3,1,1,1,1,1.96,2.0
5385,17,0,2,2,20,10,0,2,1,1,1,1,1.95,1.0
5386,16,1,1,2,15,30,0,2,1,1,1,1,2.8,1.0
5387,15,0,0,2,25,30,0,2,1,1,1,1,1.13,2.0
5388,15,0,0,1,10,10,0,3,1,1,1,1,1.86,2.0
5389,15,1,2,1,30,0,0,1,1,1,1,1,3.37,1.0
5390,15,1,2,2,20,15,0,1,1,1,1,1,1.08,1.0
5391,17,1,2,3,25,10,0,1,1,1,1,1,1.97,4.0
5392,15,1,2,2,15,0,0,1,1,1,1,1,3.85,4.0
5393,15,1,2,1,20,30,0,1,1,1,1,1,2.89,4.0
5394,16,0,1,3,10,20,0,1,1,1,1,1,3.66,4.0
5395,17,0,2,1,25,0,0,2,1,1,1,1,2.01,2.0
5396,16,0,0,3,20,5,0,1,1,1,1,1,3.24,1.0
5397,17,0,1,2,25,20,0,3,1,1,1,1,1.68,4.0
5398,17,1,0,2,20,20,0,2,1,1,1,1,2.82,1.0
5399,17,0,0,2,10,25,0,3,1,1,1,1,2.97,3.0
5400,17,0,1,1,30,15,0,3,1,1,1,1,3.45,1.0
5401,16,1,2,1,25,10,0,2,1,1,1,1,2.55,1.0
5402,18,0,0,2,30,5,0,3,1,1,1,1,3.06,3.0
5403,18,0,0,1,15,5,0,1,1,1,1,1,1.09,4.0
5404,17,1,1,2,10,25,0,1,1,1,1,1,1.18,3.0
5405,17,1,0,3,10,0,0,2,1,1,1,1,3.17,2.0
5406,15,0,2,2,10,0,0,1,1,1,1,1,2.83,2.0
5407,17,0,0,1,30,20,0,3,1,1,1,1,2.72,1.0
5408,17,1,0,3,30,10,0,1,1,1,1,1,1.25,3.0
5409,18,0,0,2,20,30,0,2,1,1,1,1,3.55,3.0
5410,17,0,2,2,20,25,0,2,1,1,1,1,2.72,4.0
5411,18,1,0,3,30,15,0,2,1,1,1,1,3.22,1.0
5412,18,1,0,1,10,10,0,2,1,1,1,1,1.48,1.0
5413,15,0,1,3,20,25,0,3,1,1,1,1,1.83,1.0
5414,17,1,2,2,10,10,0,2,1,1,1,1,3.43,4.0
5415,17,0,2,2,25,20,0,1,1,1,1,1,2.99,4.0
5416,17,1,0,2,15,0,0,2,1,1,1,1,3.68,4.0
5417,15,0,0,2,15,5,0,1,1,1,1,1,2.34,1.0
5418,17,0,1,3,30,25,0,1,1,1,1,1,1.16,1.0
5419,15,0,1,2,10,5,0,1,1,1,1,1,2.36,2.0
5420,16,1,1,3,25,15,0,3,1,1,1,1,3.73,1.0
5421,15,1,2,2,20,25,0,2,1,1,1,1,2.81,4.0
5422,15,1,0,2,25,5,0,1,1,1,1,1,2.37,3.0
5423,17,1,1,1,10,15,0,3,1,1,1,1,3.52,1.0
5424,16,0,1,1,20,30,0,2,1,1,1,1,3.34,4.0
5425,18,0,0,3,10,20,0,2,1,1,1,1,2.99,1.0
5426,18,1,1,3,30,20,0,3,1,1,1,1,2.0,4.0
5427,15,1,2,2,20,15,0,1,1,1,1,1,1.14,1.0
5428,17,1,0,3,30,30,0,3,1,1,1,1,3.09,1.0
5429,18,0,1,3,20,10,0,2,1,1,1,1,1.0,3.0
5430,15,1,0,1,30,10,0,3,1,1,1,1,2.42,3.0
5431,15,1,2,2,30,0,0,1,1,1,1,1,2.88,4.0
5432,15,1,0,2,15,30,0,1,1,1,1,1,2.26,4.0
5433,15,0,1,1,20,5,0,2,1,1,1,1,2.53,1.0
5434,18,1,2,1,15,15,0,3,1,1,1,1,1.02,3.0
5435,15,0,0,2,15,25,0,3,1,1,1,1,1.26,4.0
5436,17,1,1,2,10,0,0,2,1,1,1,1,2.6,4.0
5437,16,1,0,2,10,30,0,2,1,1,1,1,3.12,3.0
5438,15,0,1,2,30,20,0,1,1,1,1,1,1.68,3.0
5439,16,0,2,1,30,10,0,1,1,1,1,1,1.93,3.0
5440,16,1,1,3,30,0,0,1,1,1,1,1,1.45,3.0
5441,16,1,1,2,25,20,0,3,1,1,1,1,1.32,3.0
5442,16,0,0,2,20,30,0,3,1,1,1,1,1.42,1.0
5443,17,1,1,2,30,20,0,2,1,1,1,1,1.51,4.0
5444,15,1,2,1,20,5,0,3,1,1,1,1,2.57,4.0
5445,15,1,1,3,20,5,0,1,1,1,1,1,2.72,1.0
5446,18,0,0,1,30,5,0,1,1,1,1,1,3.33,3.0
5447,18,1,2,2,25,10,0,1,1,1,1,1,3.4,2.0
5448,18,0,1,1,10,5,0,3,1,1,1,1,2.75,1.0
5449,16,1,1,3,15,0,0,2,1,1,1,1,3.39,1.0
5450,15,1,1,3,30,30,0,2,1,1,1,1,3.13,3.0
5451,16,0,0,1,20,5,0,1,1,1,1,1,3.53,1.0
5452,18,0,2,3,20,15,0,1,1,1,1,1,1.86,1.0
5453,15,1,2,3,30,15,0,1,1,1,1,1,3.55,2.0
5454,18,1,2,3,20,5,0,3,1,1,1,1,3.38,1.0
5455,18,1,2,3,20,10,0,3,1,1,1,1,1.08,4.0
5456,17,1,1,2,15,15,0,2,1,1,1,1,3.73,4.0
5457,15,1,2,1,15,0,0,3,1,1,1,1,2.49,1.0
5458,16,1,0,2,10,30,0,2,1,1,1,1,2.79,4.0
5459,16,0,1,1,10,0,0,1,1,1,1,1,3.33,3.0
5460,15,1,0,3,20,0,0,2,1,1,1,1,1.33,2.0
5461,16,1,0,2,30,10,0,2,1,1,1,1,3.04,1.0
5462,15,1,0,2,10,25,0,3,1,1,1,1,2.47,3.0
5463,18,0,1,1,20,30,0,1,1,1,1,1,1.14,3.0
5464,17,0,2,3,10,0,0,3,1,1,1,1,1.82,3.0
5465,17,0,0,2,25,10,0,3,1,1,1,1,3.32,4.0
5466,17,0,1,2,20,20,0,3,1,1,1,1,1.53,3.0
5467,18,1,2,2,15,25,0,2,1,1,1,1,2.33,1.0
5468,15,1,0,2,20,25,0,2,1,1,1,1,2.1,4.0
5469,16,1,1,3,25,0,0,2,1,1,1,1,2.03,3.0
5470,18,0,0,2,25,20,0,2,1,1,1,1,2.92,4.0
5471,16,0,1,3,20,5,0,2,1,1,1,1,3.09,4.0
5472,15,0,2,3,15,5,0,3,1,1,1,1,1.39,3.0
5473,17,1,0,1,25,15,0,3,1,1,1,1,1.27,4.0
5474,15,0,1,1,25,15,0,2,1,1,1,1,2.61,1.0
5475,17,0,0,2,10,30,0,3,1,1,1,1,1.07,1.0
5476,16,1,0,1,30,25,0,1,1,1,1,1,2.03,4.0
5477,15,0,2,3,25,0,0,3,1,1,1,1,3.71,4.0
5478,15,1,2,2,20,30,0,3,1,1,1,1,2.47,1.0
5479,16,1,1,3,30,25,0,2,1,1,1,1,2.08,1.0
5480,18,0,1,3,15,25,0,2,1,1,1,1,3.74,4.0
5481,18,0,0,2,10,30,0,1,1,1,1,1,3.55,3.0
5482,16,1,2,3,20,0,0,2,1,1,1,1,3.78,4.0
5483,17,0,0,3,20,5,0,1,1,1,1,1,2.83,3.0
5484,16,0,0,1,25,5,0,2,1,1,1,1,3.04,3.0
5485,16,1,0,3,15,0,0,2,1,1,1,1,1.96,4.0
5486,15,0,2,1,25,20,0,3,1,1,1,1,3.09,3.0
5487,15,0,2,3,20,25,0,2,1,1,1,1,1.3,3.0
5488,17,1,0,2,15,25,0,1,1,1,1,1,3.38,3.0
5489,16,1,0,3,30,25,0,2,1,1,1,1,3.92,2.0
5490,17,0,1,2,10,10,0,1,1,1,1,1,3.06,3.0
5491,17,1,0,3,25,5,0,3,1,1,1,1,1.93,1.0
5492,17,0,1,1,20,10,0,3,1,1,1,1,1.53,1.0
5493,18,0,1,2,20,25,0,1,1,1,1,1,3.49,4.0
5494,15,0,0,2,20,0,0,3,1,1,1,1,2.48,2.0
5495,16,0,0,3,25,30,0,3,1,1,1,1,2.37,3.0
5496,16,1,0,1,20,20,0,3,1,1,1,1,3.83,1.0
5497,17,0,2,2,30,10,0,3,1,1,1,1,1.32,1.0
5498,18,1,2,3,25,5,0,3,1,1,1,1,3.32,2.0
5499,18,0,2,3,20,15,0,1,1,1,1,1,1.84,2.0
5500,15,1,1,1,10,10,0,3,1,1,1,1,1.31,4.0
5501,18,0,1,3,15,10,0,3,1,1,1,1,3.55,1.0
5502,15,1,0,1,15,30,0,1,1,1,1,1,3.14,4.0
5503,18,1,0,2,25,10,0,1,1,1,1,1,2.45,4.0
5504,16,1,0,1,20,5,0,3,1,1,1,1,2.31,1.0
5505,16,0,2,3,15,15,0,3,1,1,1,1,3.88,2.0
5506,15,1,2,1,15,15,0,3,1,1,1,1,2.2,3.0
5507,18,0,1,2,20,5,0,2,1,1,1,1,1.81,2.0
5508,15,1,2,2,20,20,0,2,1,1,1,1,3.89,1.0
5509,15,0,2,2,25,5,0,2,1,1,1,1,1.19,1.0
5510,16,1,0,1,10,25,0,2,1,1,1,1,2.72,3.0
5511,15,0,2,1,10,0,0,2,1,1,1,1,2.95,4.0
5512,16,1,0,2,25,5,0,1,1,1,1,1,2.04,2.0
5513,15,0,2,3,30,10,0,1,1,1,1,1,3.43,1.0
5514,16,0,1,1,20,25,0,3,1,1,1,1,2.38,1.0
5515,18,0,1,2,10,30,0,3,1,1,1,1,3.59,3.0
5516,16,1,2,3,15,20,0,2,1,1,1,1,3.15,2.0
5517,15,1,2,3,20,10,0,3,1,1,1,1,3.22,4.0
5518,16,0,1,2,10,0,0,2,1,1,1,1,2.43,1.0
5519,15,1,0,3,20,20,0,3,1,1,1,1,3.89,1.0
5520,18,1,2,2,30,5,0,2,1,1,1,1,2.66,2.0
5521,18,0,0,1,15,30,0,2,1,1,1,1,3.64,2.0
5522,15,1,1,2,25,0,0,1,1,1,1,1,3.75,3.0
5523,18,0,2,1,20,0,0,2,1,1,1,1,3.57,2.0
5524,15,1,2,3,10,30,0,2,1,1,1,1,1.44,1.0
5525,18,1,1,1,25,5,0,2,1,1,1,1,2.68,1.0
5526,15,1,2,3,25,25,0,2,1,1,1,1,2.89,1.0
5527,18,1,2,3,30,15,0,1,1,1,1,1,1.8,3.0
5528,18,1,1,1,20,5,0,2,1,1,1,1,2.81,3.0
5529,17,1,1,1,30,30,0,1,1,1,1,1,2.86,1.0
5530,16,0,1,1,15,0,0,1,1,1,1,1,3.97,3.0
5531,18,0,0,3,10,25,0,1,1,1,1,1,1.37,1.0
5532,15,1,2,2,25,0,0,3,1,1,1,1,3.92,3.0
5533,15,0,0,1,15,25,0,2,1,1,1,1,1.49,3.0
5534,18,0,1,1,20,30,0,3,1,1,1,1,1.89,3.0
5535,16,0,0,3,25,5,0,1,1,1,1,1,1.3,1.0
5536,15,0,1,1,20,30,0,2,1,1,1,1,1.29,3.0
5537,16,1,2,1,15,0,0,2,1,1,1,1,2.98,1.0
5538,18,1,2,1,15,0,0,1,1,1,1,1,2.73,1.0
5539,16,1,1,1,20,0,0,3,1,1,1,1,3.87,4.0
5540,17,1,2,1,15,30,0,1,1,1,1,1,1.49,2.0
5541,18,0,0,3,30,20,0,1,1,1,1,1,3.74,2.0
5542,17,0,1,3,20,5,0,1,1,1,1,1,1.6,4.0
5543,16,1,1,3,10,5,0,3,1,1,1,1,3.15,1.0
5544,16,1,1,1,10,10,0,1,1,1,1,1,1.64,2.0
5545,18,1,1,1,10,5,0,2,1,1,1,1,3.8,3.0
5546,16,1,2,3,10,25,0,1,1,1,1,1,3.5,3.0
5547,17,1,1,3,15,30,0,2,1,1,1,1,1.94,4.0
5548,15,0,1,3,10,25,0,1,1,1,1,1,2.51,4.0
5549,17,0,2,1,30,30,0,1,1,1,1,1,3.7,3.0
5550,15,1,1,2,30,15,0,2,1,1,1,1,2.41,3.0
5551,15,0,2,3,15,5,0,2,1,1,1,1,1.43,4.0
5552,17,1,1,2,25,25,0,2,1,1,1,1,3.23,2.0
5553,16,0,0,3,15,25,0,1,1,1,1,1,1.75,2.0
5554,15,0,1,3,25,10,0,2,1,1,1,1,2.96,4.0
5555,15,1,1,1,10,15,0,1,1,1,1,1,1.13,4.0
5556,16,1,2,1,15,10,0,2,1,1,1,1,1.22,3.0
5557,16,0,0,1,25,15,0,1,1,1,1,1,1.31,3.0
5558,16,0,0,1,15,5,0,2,1,1,1,1,1.75,4.0
5559,16,1,0,2,20,0,0,1,1,1,1,1,3.02,3.0
5560,16,1,0,1,30,15,0,3,1,1,1,1,3.29,2.0
5561,17,1,0,1,15,20,0,1,1,1,1,1,1.63,3.0
5562,16,1,0,2,10,30,0,3,1,1,1,1,2.28,4.0
5563,17,0,1,1,10,20,0,2,1,1,1,1,1.65,2.0
5564,17,1,1,1,10,30,0,3,1,1,1,1,1.89,2.0
5565,16,1,2,1,20,5,0,1,1,1,1,1,1.39,4.0
5566,18,1,2,1,30,20,0,1,1,1,1,1,1.68,4.0
5567,16,0,0,1,10,15,0,3,1,1,1,1,3.74,4.0
5568,18,0,0,3,20,0,0,1,1,1,1,1,1.83,1.0
5569,18,1,0,1,20,5,0,3,1,1,1,1,3.33,4.0
5570,17,0,1,2,25,0,0,1,1,1,1,1,3.01,4.0
5571,18,1,1,1,10,10,0,1,1,1,1,1,3.49,3.0
5572,18,1,1,2,30,5,0,3,1,1,1,1,2.65,3.0
5573,17,0,2,3,15,0,0,1,1,1,1,1,3.14,2.0
5574,16,0,0,3,30,10,0,3,1,1,1,1,1.63,3.0
5575,15,0,1,2,10,20,0,3,1,1,1,1,1.18,2.0
5576,15,0,2,1,20,0,0,1,1,1,1,1,2.1,4.0
5577,16,1,0,1,25,30,0,1,1,1,1,1,1.17,1.0
5578,17,1,2,1,20,5,0,1,1,1,1,1,3.52,3.0
5579,16,1,1,1,15,20,0,1,1,1,1,1,3.91,3.0
5580,16,0,0,3,15,0,0,3,1,1,1,1,2.73,2.0
5581,16,1,0,2,25,25,0,1,1,1,1,1,3.13,4.0
5582,15,1,2,1,30,15,0,1,1,1,1,1,3.54,2.0
5583,15,0,2,1,10,5,0,2,1,1,1,1,1.2,2.0
5584,16,1,0,2,10,20,0,2,1,1,1,1,3.49,1.0
5585,15,1,1,2,25,30,0,3,1,1,1,1,3.54,1.0
5586,16,1,0,1,25,0,0,2,1,1,1,1,1.77,2.0
5587,17,0,2,2,25,10,0,1,1,1,1,1,2.88,1.0
5588,17,0,1,1,15,5,0,1,1,1,1,1,3.15,3.0
5589,15,1,0,1,15,15,0,2,1,1,1,1,1.78,1.0
5590,15,1,0,3,20,30,0,1,1,1,1,1,3.72,1.0
5591,16,1,2,2,30,5,0,1,1,1,1,1,3.1,4.0
5592,15,1,2,1,20,30,0,2,1,1,1,1,1.22,4.0
5593,15,0,2,1,30,15,0,3,1,1,1,1,2.04,2.0
5594,16,1,1,2,10,5,0,1,1,1,1,1,1.21,4.0
5595,17,0,1,1,25,30,0,2,1,1,1,1,3.75,3.0
5596,18,1,1,3,10,20,0,3,1,1,1,1,3.06,2.0
5597,16,0,1,2,30,25,0,2,1,1,1,1,2.26,4.0
5598,15,1,1,3,20,30,0,1,1,1,1,1,1.65,4.0
5599,15,1,0,1,30,15,0,2,1,1,1,1,3.94,4.0
5600,17,0,1,2,10,25,0,1,1,1,1,1,1.71,4.0
5601,16,1,1,1,10,10,0,1,1,1,1,1,1.03,1.0
5602,16,1,0,1,15,5,0,3,1,1,1,1,1.49,1.0
5603,16,1,0,1,20,30,0,3,1,1,1,1,2.2,3.0
5604,17,0,0,2,10,5,0,3,1,1,1,1,3.04,1.0
5605,18,0,2,3,20,15,0,1,1,1,1,1,2.51,1.0
5606,17,0,1,3,30,25,0,2,1,1,1,1,2.53,2.0
5607,15,0,0,2,25,0,0,2,1,1,1,1,1.21,4.0
5608,15,1,2,2,25,20,0,2,1,1,1,1,2.75,1.0
5609,18,0,2,2,30,0,0,2,1,1,1,1,1.2,3.0
5610,15,1,0,2,30,5,0,3,1,1,1,1,1.82,2.0
5611,16,1,1,1,20,30,0,2,1,1,1,1,2.98,1.0
5612,18,1,0,2,20,30,0,1,1,1,1,1,2.62,1.0
5613,15,0,1,3,15,0,0,1,1,1,1,1,1.2,2.0
5614,16,1,1,3,20,10,0,2,1,1,1,1,1.18,4.0
5615,17,0,1,3,30,0,0,1,1,1,1,1,3.3,3.0
5616,18,1,0,2,25,25,0,2,1,1,1,1,3.95,4.0
5617,16,1,0,3,25,5,0,1,1,1,1,1,3.63,2.0
5618,18,0,2,3,15,30,0,3,1,1,1,1,2.73,3.0
5619,18,1,1,1,30,5,0,2,1,1,1,1,2.48,1.0
5620,15,1,2,3,10,15,0,3,1,1,1,1,2.65,1.0
5621,18,1,0,3,30,25,0,3,1,1,1,1,1.9,2.0
5622,17,1,0,3,15,30,0,1,1,1,1,1,3.32,3.0
5623,18,1,0,2,20,5,0,1,1,1,1,1,3.69,3.0
5624,15,1,2,2,15,10,0,1,1,1,1,1,2.55,3.0
5625,17,0,2,2,30,0,0,3,1,1,1,1,3.55,3.0
5626,18,0,1,3,25,15,0,1,1,1,1,1,2.07,4.0
5627,17,1,1,1,10,0,0,3,1,1,1,1,3.81,1.0
5628,15,1,1,2,15,0,0,3,1,1,1,1,1.22,2.0
5629,18,0,2,3,20,20,0,3,1,1,1,1,2.21,2.0
5630,16,0,2,3,25,10,0,2,1,1,1,1,1.38,4.0
5631,18,1,0,1,15,20,0,2,1,1,1,1,1.53,1.0
5632,16,0,1,3,30,15,0,2,1,1,1,1,1.8,3.0
5633,16,1,2,3,30,5,0,3,1,1,1,1,2.75,3.0
5634,18,1,1,3,30,30,0,1,1,1,1,1,3.13,4.0
5635,18,1,0,1,15,30,0,2,1,1,1,1,2.16,1.0
5636,18,0,1,1,15,10,0,1,1,1,1,1,1.56,3.0
5637,18,1,2,2,10,30,0,2,1,1,1,1,2.89,1.0
5638,15,0,1,3,15,25,0,2,1,1,1,1,2.01,2.0
5639,17,0,2,1,10,15,0,3,1,1,1,1,2.0,2.0
5640,15,1,0,3,15,0,0,3,1,1,1,1,1.95,1.0
5641,18,0,0,1,10,10,0,3,1,1,1,1,2.64,2.0
5642,18,0,2,2,30,25,0,3,1,1,1,1,1.72,2.0
5643,15,0,2,1,15,20,0,3,1,1,1,1,3.41,3.0
5644,18,0,2,1,10,5,0,2,1,1,1,1,2.46,4.0
5645,15,0,0,3,10,30,0,2,1,1,1,1,2.14,1.0
5646,16,0,0,3,30,0,0,1,1,1,1,1,1.46,2.0
5647,16,1,0,2,20,25,0,1,1,1,1,1,1.58,2.0
5648,15,0,2,2,10,30,0,1,1,1,1,1,1.73,3.0
5649,16,1,2,3,20,10,0,1,1,1,1,1,1.1,1.0
5650,17,1,0,2,15,0,0,3,1,1,1,1,3.53,2.0
5651,15,0,2,3,25,0,0,1,1,1,1,1,3.82,3.0
5652,17,1,1,3,20,20,0,1,1,1,1,1,2.51,3.0
5653,17,1,0,1,10,15,0,3,1,1,1,1,3.46,1.0
5654,17,1,2,2,20,15,0,3,1,1,1,1,2.9,3.0
5655,18,0,1,3,10,20,0,2,1,1,1,1,2.82,4.0
5656,17,1,0,2,10,15,0,2,1,1,1,1,2.94,1.0
5657,15,1,1,2,20,20,0,1,1,1,1,1,2.9,4.0
5658,16,0,1,2,30,20,0,2,1,1,1,1,3.5,1.0
5659,18,1,0,3,10,10,0,3,1,1,1,1,2.29,3.0
5660,17,0,2,1,30,25,0,3,1,1,1,1,3.67,1.0
5661,16,1,0,3,10,25,0,3,1,1,1,1,3.13,1.0
5662,16,0,1,2,20,10,0,3,1,1,1,1,2.87,2.0
5663,17,1,2,1,15,20,0,2,1,1,1,1,1.78,1.0
5664,18,1,2,1,25,0,0,3,1,1,1,1,3.51,4.0
5665,15,1,2,2,15,0,0,3,1,1,1,1,2.93,4.0
5666,17,0,2,3,15,25,0,2,1,1,1,1,3.91,1.0
5667,18,1,1,1,15,15,0,3,1,1,1,1,3.57,3.0
5668,18,1,0,2,10,5,0,2,1,1,1,1,2.73,2.0
5669,17,0,2,1,20,10,0,3,1,1,1,1,1.36,1.0
5670,18,0,1,1,10,10,0,3,1,1,1,1,2.12,2.0
5671,15,1,2,3,10,20,0,3,1,1,1,1,3.28,4.0
5672,17,0,1,1,25,0,0,1,1,1,1,1,2.73,3.0
5673,17,1,2,1,15,20,0,2,1,1,1,1,3.17,1.0
5674,15,1,2,1,15,15,0,1,1,1,1,1,2.17,4.0
5675,17,1,1,1,30,15,0,2,1,1,1,1,1.41,1.0
5676,15,0,1,1,10,15,0,1,1,1,1,1,2.63,4.0
5677,18,1,1,1,10,20,0,2,1,1,1,1,3.28,1.0
5678,16,0,1,2,15,15,0,1,1,1,1,1,2.85,2.0
5679,17,0,2,3,20,20,0,2,1,1,1,1,3.68,2.0
5680,17,1,2,3,10,10,0,1,1,1,1,1,3.75,3.0
5681,16,1,1,2,30,5,0,2,1,1,1,1,3.14,3.0
5682,15,1,2,3,25,20,0,2,1,1,1,1,3.44,3.0
5683,16,0,1,1,30,0,0,3,1,1,1,1,3.75,2.0
5684,16,0,0,2,10,0,0,3,1,1,1,1,3.3,4.0
5685,18,0,1,3,20,0,0,3,1,1,1,1,3.53,3.0
5686,18,1,2,2,20,0,0,2,1,1,1,1,2.12,3.0
5687,15,0,0,2,15,30,0,1,1,1,1,1,1.01,1.0
5688,16,0,1,2,25,25,0,2,1,1,1,1,2.15,1.0
5689,16,0,1,1,20,0,0,3,1,1,1,1,3.66,2.0
5690,18,1,2,3,15,15,0,1,1,1,1,1,3.69,4.0
5691,16,1,0,2,10,15,0,1,1,1,1,1,1.37,4.0
5692,18,1,0,1,30,20,0,2,1,1,1,1,3.41,1.0
5693,18,1,0,1,15,10,0,2,1,1,1,1,2.5,2.0
5694,15,1,2,1,20,20,0,3,1,1,1,1,1.53,2.0
5695,18,1,2,1,25,25,0,1,1,1,1,1,1.08,4.0
5696,15,0,2,1,20,30,0,1,1,1,1,1,2.71,1.0
5697,18,1,1,3,10,5,0,1,1,1,1,1,1.7,3.0
5698,16,0,1,2,10,10,0,3,1,1,1,1,2.92,3.0
5699,17,1,1,2,20,0,0,3,1,1,1,1,1.27,4.0
5700,17,1,2,3,15,20,0,1,1,1,1,1,3.59,4.0
5701,15,0,1,1,30,25,0,1,1,1,1,1,3.68,4.0
5702,18,0,2,3,10,5,0,2,1,1,1,1,1.76,3.0
5703,17,0,1,3,25,5,0,1,1,1,1,1,3.22,2.0
5704,17,1,1,3,20,15,0,2,1,1,1,1,3.33,2.0
5705,18,0,2,2,10,20,0,2,1,1,1,1,2.66,4.0
5706,18,0,2,3,15,20,0,3,1,1,1,1,3.01,1.0
5707,15,1,2,1,10,10,0,1,1,1,1,1,1.01,2.0
5708,18,0,0,1,25,5,0,1,1,1,1,1,2.39,1.0
5709,16,0,0,1,20,10,0,2,1,1,1,1,2.61,2.0
5710,16,1,0,3,30,15,0,1,1,1,1,1,2.88,1.0
5711,18,1,0,2,20,0,0,3,1,1,1,1,3.04,4.0
5712,18,1,2,2,10,0,0,1,1,1,1,1,3.45,2.0
5713,17,1,1,3,25,0,0,2,1,1,1,1,2.99,2.0
5714,15,0,0,2,25,20,0,1,1,1,1,1,3.29,4.0
5715,15,0,0,3,20,20,0,2,1,1,1,1,1.08,2.0
5716,18,0,1,3,10,25,0,2,1,1,1,1,1.15,3.0
5717,15,0,2,3,20,15,0,2,1,1,1,1,2.84,4.0
5718,17,0,1,2,30,25,0,3,1,1,1,1,3.69,3.0
5719,17,0,1,3,15,5,0,1,1,1,1,1,1.49,1.0
5720,18,1,0,1,30,0,0,3,1,1,1,1,3.88,2.0
5721,15,0,2,3,15,30,0,3,1,1,1,1,1.38,4.0
5722,16,0,2,2,10,15,0,1,1,1,1,1,2.25,3.0
5723,16,1,1,1,20,15,0,3,1,1,1,1,3.17,2.0
5724,16,1,1,3,25,30,0,1,1,1,1,1,3.18,3.0
5725,17,1,1,3,10,25,0,1,1,1,1,1,2.21,4.0
5726,15,1,2,1,30,25,0,1,1,1,1,1,3.75,2.0
5727,15,1,1,3,10,0,0,2,1,1,1,1,1.26,2.0
5728,15,1,2,3,20,20,0,1,1,1,1,1,3.29,1.0
5729,17,1,1,3,10,25,0,1,1,1,1,1,3.57,3.0
5730,16,1,0,1,30,20,0,2,1,1,1,1,3.34,3.0
5731,18,1,1,2,15,20,0,3,1,1,1,1,2.85,4.0
5732,17,0,0,3,20,15,0,2,1,1,1,1,2.54,4.0
5733,16,1,2,3,15,15,0,2,1,1,1,1,3.37,1.0
5734,15,1,2,2,20,10,0,1,1,1,1,1,2.18,3.0
5735,17,1,0,3,15,20,0,1,1,1,1,1,3.34,3.0
5736,18,1,1,3,10,25,0,2,1,1,1,1,1.5,3.0
5737,18,1,0,3,30,10,0,3,1,1,1,1,1.12,3.0
5738,18,1,1,2,25,5,0,1,1,1,1,1,3.5,1.0
5739,16,0,1,2,15,25,0,3,1,1,1,1,3.5,4.0
5740,18,1,1,2,10,25,0,2,1,1,1,1,3.06,4.0
5741,17,0,1,2,15,20,0,3,1,1,1,1,2.5,2.0
5742,15,0,0,1,25,15,0,3,1,1,1,1,2.31,2.0
5743,17,0,2,1,25,25,0,2,1,1,1,1,3.93,4.0
5744,18,1,0,2,15,20,0,1,1,1,1,1,2.75,4.0
5745,15,1,0,1,30,25,0,1,1,1,1,1,2.45,4.0
5746,16,1,0,3,25,10,0,2,1,1,1,1,3.34,4.0
5747,17,1,2,3,25,20,0,3,1,1,1,1,1.9,3.0
5748,16,0,1,2,30,30,0,1,1,1,1,1,1.76,4.0
5749,18,0,0,1,25,25,0,1,1,1,1,1,3.62,3.0
5750,16,0,1,1,25,15,0,2,1,1,1,1,1.68,2.0
5751,17,1,2,3,10,5,0,1,1,1,1,1,2.41,4.0
5752,17,0,0,3,20,30,0,1,1,1,1,1,1.03,2.0
5753,15,0,2,1,10,30,0,1,1,1,1,1,1.68,4.0
5754,15,1,1,3,25,5,0,1,1,1,1,1,3.95,2.0
5755,15,1,0,1,15,25,0,3,1,1,1,1,1.94,2.0
5756,16,0,0,2,15,5,0,2,1,1,1,1,2.75,4.0
5757,16,0,0,1,20,25,0,3,1,1,1,1,1.9,4.0
5758,17,1,1,2,10,10,0,2,1,1,1,1,1.29,2.0
5759,18,0,2,2,10,20,0,2,1,1,1,1,3.86,2.0
5760,17,0,2,2,30,25,0,2,1,1,1,1,1.61,1.0
5761,18,0,2,1,30,20,0,2,1,1,1,1,2.09,1.0
5762,17,1,2,2,20,20,0,3,1,1,1,1,3.69,2.0
5763,16,1,0,3,10,20,0,2,1,1,1,1,2.33,3.0
5764,16,0,2,1,30,30,0,1,1,1,1,1,2.49,1.0
5765,17,1,0,2,15,0,0,3,1,1,1,1,2.3,2.0
5766,16,0,0,2,10,5,0,2,1,1,1,1,2.64,2.0
5767,16,1,2,3,20,20,0,3,1,1,1,1,2.86,1.0
5768,18,0,0,3,25,20,0,1,1,1,1,1,3.04,2.0
5769,17,0,2,2,15,5,0,2,1,1,1,1,2.56,1.0
5770,15,0,2,3,15,10,0,2,1,1,1,1,1.9,1.0
5771,15,1,1,2,30,15,0,1,1,1,1,1,1.54,4.0
5772,18,0,1,1,15,15,0,3,1,1,1,1,3.05,3.0
5773,17,1,1,2,30,5,0,2,1,1,1,1,1.3,2.0
5774,17,0,1,3,20,5,0,1,1,1,1,1,3.86,1.0
5775,16,0,2,3,10,0,0,3,1,1,1,1,1.86,2.0
5776,16,1,0,1,25,10,0,3,1,1,1,1,2.43,4.0
5777,15,0,2,1,10,25,0,2,1,1,1,1,2.23,2.0
5778,15,1,0,3,30,0,0,3,1,1,1,1,2.7,3.0
5779,18,1,1,3,15,25,0,2,1,1,1,1,1.77,2.0
5780,17,0,0,1,25,25,0,3,1,1,1,1,1.31,4.0
5781,15,1,1,2,20,5,0,1,1,1,1,1,1.66,1.0
5782,17,1,2,3,25,30,0,1,1,1,1,1,1.27,3.0
5783,16,1,2,1,15,20,0,2,1,1,1,1,3.5,3.0
5784,18,1,1,1,30,5,0,1,1,1,1,1,1.42,4.0
5785,17,1,1,3,30,15,0,3,1,1,1,1,2.86,1.0
5786,16,1,1,1,15,20,0,2,1,1,1,1,2.78,2.0
5787,16,0,1,3,20,10,0,1,1,1,1,1,3.41,1.0
5788,18,0,1,1,20,20,0,3,1,1,1,1,2.79,3.0
5789,15,0,2,3,10,20,0,1,1,1,1,1,1.48,3.0
5790,16,0,1,2,25,25,0,2,1,1,1,1,3.59,1.0
5791,16,1,0,2,30,15,0,1,1,1,1,1,1.67,1.0
5792,17,1,0,2,30,20,0,3,1,1,1,1,1.02,4.0
5793,17,0,2,3,30,30,0,1,1,1,1,1,3.75,4.0
5794,18,0,0,2,20,25,0,3,1,1,1,1,1.85,4.0
5795,15,1,1,3,20,5,0,1,1,1,1,1,2.07,3.0
5796,16,0,1,2,10,5,0,3,1,1,1,1,2.84,1.0
5797,16,0,1,2,15,15,0,1,1,1,1,1,3.73,1.0
5798,16,0,2,1,10,0,0,2,1,1,1,1,1.46,3.0
5799,18,0,2,2,30,0,0,2,1,1,1,1,2.7,1.0
5800,15,0,2,1,20,20,0,1,1,1,1,1,3.8,1.0
5801,16,1,0,1,30,30,0,1,1,1,1,1,2.86,3.0
5802,17,0,0,1,30,15,0,2,1,1,1,1,3.42,4.0
5803,18,0,0,1,20,5,0,1,1,1,1,1,1.03,3.0
5804,15,0,1,1,10,5,0,3,1,1,1,1,1.96,2.0
5805,17,0,2,2,10,15,0,1,1,1,1,1,2.09,2.0
5806,16,1,2,2,20,15,0,1,1,1,1,1,3.18,3.0
5807,15,0,0,1,20,15,0,3,1,1,1,1,2.01,4.0
5808,18,0,1,3,20,20,0,2,1,1,1,1,3.31,1.0
5809,16,1,2,2,25,25,0,1,1,1,1,1,1.91,1.0
5810,17,1,1,2,15,20,0,3,1,1,1,1,2.73,3.0
5811,18,0,1,1,30,10,0,2,1,1,1,1,2.96,4.0
5812,16,1,0,3,10,25,0,1,1,1,1,1,1.73,4.0
5813,18,0,2,2,15,20,0,1,1,1,1,1,3.64,3.0
5814,18,1,1,2,15,30,0,3,1,1,1,1,1.4,3.0
5815,15,1,2,1,30,30,0,3,1,1,1,1,3.24,2.0
5816,18,1,1,2,30,20,0,1,1,1,1,1,3.42,4.0
5817,15,1,0,3,15,30,0,2,1,1,1,1,1.57,3.0
5818,18,0,1,1,30,15,0,3,1,1,1,1,3.97,1.0
5819,17,0,0,1,20,0,0,3,1,1,1,1,3.78,3.0
5820,17,0,0,3,10,30,0,3,1,1,1,1,3.57,1.0
5821,18,1,0,3,10,25,0,2,1,1,1,1,1.3,1.0
5822,17,1,2,3,25,20,0,2,1,1,1,1,2.03,3.0
5823,16,1,2,3,25,25,0,3,1,1,1,1,2.2,4.0
5824,18,1,1,3,10,15,0,3,1,1,1,1,3.54,1.0
5825,17,0,2,1,25,20,0,1,1,1,1,1,3.08,2.0
5826,15,0,0,3,30,15,0,1,1,1,1,1,1.69,3.0
5827,16,1,0,3,30,20,0,2,1,1,1,1,2.04,3.0
5828,17,1,0,1,15,20,0,3,1,1,1,1,3.41,3.0
5829,17,0,2,3,10,0,0,3,1,1,1,1,1.41,4.0
5830,18,0,2,3,10,20,0,1,1,1,1,1,2.89,4.0
5831,15,0,2,2,25,10,0,1,1,1,1,1,1.3,2.0
5832,17,0,0,2,25,10,0,1,1,1,1,1,2.04,1.0
5833,15,0,0,3,20,10,0,2,1,1,1,1,1.56,3.0
5834,18,0,1,3,20,20,0,2,1,1,1,1,3.58,3.0
5835,17,0,0,1,15,10,0,3,1,1,1,1,3.72,1.0
5836,18,0,0,1,30,20,0,3,1,1,1,1,2.62,3.0
5837,15,0,2,3,25,10,0,1,1,1,1,1,2.77,3.0
5838,15,0,2,3,30,20,0,2,1,1,1,1,3.64,1.0
5839,16,0,0,2,10,20,0,2,1,1,1,1,1.08,2.0
5840,17,0,0,1,30,15,0,2,1,1,1,1,2.43,1.0
5841,17,1,1,2,10,20,0,1,1,1,1,1,1.66,2.0
5842,16,1,2,3,30,0,0,2,1,1,1,1,1.27,1.0
5843,16,1,0,3,15,5,0,2,1,1,1,1,2.5,4.0
5844,15,1,0,3,25,15,0,3,1,1,1,1,3.64,1.0
5845,16,0,2,1,25,15,0,2,1,1,1,1,1.1,2.0
5846,15,0,2,1,25,15,0,3,1,1,1,1,1.19,4.0
5847,18,1,2,1,30,10,0,1,1,1,1,1,2.15,3.0
5848,18,1,0,3,20,15,0,2,1,1,1,1,2.94,2.0
5849,15,0,1,2,30,0,0,3,1,1,1,1,3.34,4.0
5850,15,1,0,1,20,10,0,3,1,1,1,1,1.62,3.0
5851,17,0,2,3,10,30,0,1,1,1,1,1,2.08,3.0
5852,15,0,1,3,25,10,0,3,1,1,1,1,2.93,1.0
5853,17,1,2,1,25,5,0,2,1,1,1,1,2.7,2.0
5854,16,0,0,2,25,10,0,3,1,1,1,1,3.64,2.0
5855,16,0,0,3,25,30,0,2,1,1,1,1,2.28,4.0
5856,17,0,0,1,20,15,0,1,1,1,1,1,1.16,1.0
5857,18,0,2,2,10,30,0,3,1,1,1,1,3.57,1.0
5858,18,0,2,3,30,25,0,2,1,1,1,1,2.2,2.0
5859,16,0,2,3,25,10,0,2,1,1,1,1,1.82,3.0
5860,18,0,2,2,15,15,0,2,1,1,1,1,1.37,4.0
5861,18,0,1,1,15,5,0,1,1,1,1,1,3.54,2.0
5862,18,0,2,3,30,25,0,3,1,1,1,1,3.9,1.0
5863,17,1,1,3,30,15,0,1,1,1,1,1,2.31,1.0
5864,15,1,2,3,20,25,0,1,1,1,1,1,2.21,3.0
5865,18,1,0,3,25,25,0,1,1,1,1,1,2.96,4.0
5866,15,0,2,3,10,0,0,2,1,1,1,1,3.61,3.0
5867,15,1,2,2,30,20,0,3,1,1,1,1,3.54,1.0
5868,18,1,2,3,15,10,0,1,1,1,1,1,3.68,2.0
5869,15,0,0,3,30,5,0,1,1,1,1,1,3.88,4.0
5870,15,1,2,1,15,30,0,2,1,1,1,1,2.25,2.0
5871,15,0,0,1,25,25,0,2,1,1,1,1,1.41,1.0
5872,16,1,2,2,20,20,0,2,1,1,1,1,1.6,1.0
5873,18,1,0,1,30,15,0,1,1,1,1,1,3.31,1.0
5874,17,0,1,3,15,20,0,1,1,1,1,1,3.79,1.0
5875,16,0,1,1,15,30,0,1,1,1,1,1,1.97,2.0
5876,15,1,2,3,15,5,0,2,1,1,1,1,2.76,2.0
5877,16,0,1,1,25,20,0,2,1,1,1,1,2.57,4.0
5878,18,1,0,3,25,30,0,1,1,1,1,1,2.72,2.0
5879,15,1,0,1,25,5,0,3,1,1,1,1,1.72,4.0
5880,15,1,1,1,20,10,0,3,1,1,1,1,2.61,4.0
5881,16,1,0,1,30,25,0,2,1,1,1,1,2.61,2.0
5882,17,1,1,1,30,0,0,3,1,1,1,1,3.42,4.0
5883,17,1,2,3,30,20,0,2,1,1,1,1,1.64,2.0
5884,18,0,1,1,10,0,0,3,1,1,1,1,1.65,4.0
5885,15,0,1,3,10,15,0,2,1,1,1,1,3.93,2.0
5886,15,1,2,2,25,5,0,1,1,1,1,1,1.43,2.0
5887,15,1,0,2,30,25,0,1,1,1,1,1,1.71,4.0
5888,18,0,2,2,15,5,0,3,1,1,1,1,2.0,4.0
5889,15,1,1,3,30,25,0,1,1,1,1,1,1.92,1.0
5890,18,0,2,3,30,15,0,1,1,1,1,1,1.92,2.0
5891,15,1,2,2,20,5,0,1,1,1,1,1,3.4,4.0
5892,15,1,1,2,10,10,0,1,1,1,1,1,2.61,2.0
5893,18,0,2,2,20,0,0,1,1,1,1,1,1.52,3.0
5894,16,0,0,1,25,5,0,2,1,1,1,1,1.91,3.0
5895,15,0,2,1,15,15,0,1,1,1,1,1,1.02,3.0
5896,18,1,0,2,30,20,0,3,1,1,1,1,3.51,1.0
5897,15,1,0,1,25,10,0,2,1,1,1,1,1.47,3.0
5898,18,1,2,1,20,10,0,2,1,1,1,1,3.28,1.0
5899,18,1,2,2,30,0,0,3,1,1,1,1,3.37,3.0
5900,15,1,1,3,10,5,0,3,1,1,1,1,1.74,2.0
5901,18,0,2,2,15,10,0,1,1,1,1,1,3.0,3.0
5902,16,0,1,2,20,10,0,2,1,1,1,1,3.55,1.0
5903,17,0,0,1,30,20,0,3,1,1,1,1,1.07,2.0
5904,15,0,2,3,25,15,0,3,1,1,1,1,1.74,1.0
5905,17,0,1,2,20,5,0,3,1,1,1,1,2.64,1.0
5906,16,0,1,2,30,5,0,2,1,1,1,1,3.75,1.0
5907,17,0,1,3,25,10,0,2,1,1,1,1,1.87,1.0
5908,17,0,0,3,15,20,0,2,1,1,1,1,1.39,3.0
5909,18,1,1,2,30,0,0,2,1,1,1,1,1.44,1.0
5910,18,1,1,2,10,0,0,1,1,1,1,1,3.82,1.0
5911,17,0,1,1,25,15,0,3,1,1,1,1,3.97,3.0
5912,18,1,0,2,20,30,0,3,1,1,1,1,1.56,2.0
5913,17,1,2,1,30,5,0,3,1,1,1,1,2.62,1.0
5914,18,0,2,3,15,15,0,2,1,1,1,1,1.87,2.0
5915,18,0,0,3,20,30,0,3,1,1,1,1,2.95,2.0
5916,16,1,0,1,15,5,0,3,1,1,1,1,3.86,1.0
5917,18,1,0,1,20,25,0,3,1,1,1,1,1.98,4.0
5918,15,0,2,1,15,15,0,3,1,1,1,1,3.83,4.0
5919,17,0,1,3,10,30,0,3,1,1,1,1,1.07,2.0
5920,15,0,1,1,10,30,0,1,1,1,1,1,2.24,3.0
5921,15,0,1,2,10,25,0,3,1,1,1,1,2.34,4.0
5922,18,0,2,3,10,0,0,3,1,1,1,1,3.04,3.0
5923,18,0,2,2,30,15,0,1,1,1,1,1,2.79,2.0
5924,15,1,2,1,20,0,0,3,1,1,1,1,1.48,4.0
5925,16,1,2,3,10,0,0,2,1,1,1,1,3.46,1.0
5926,18,0,0,2,10,30,0,1,1,1,1,1,1.66,1.0
5927,16,1,0,1,25,20,0,3,1,1,1,1,2.59,3.0
5928,17,1,0,3,10,25,0,3,1,1,1,1,1.77,4.0
5929,17,1,2,1,30,15,0,2,1,1,1,1,2.0,2.0
5930,17,0,1,1,25,20,0,3,1,1,1,1,3.68,1.0
5931,18,0,1,2,25,25,0,1,1,1,1,1,3.87,4.0
5932,15,1,1,1,10,5,0,3,1,1,1,1,1.59,1.0
5933,15,0,1,3,20,20,0,3,1,1,1,1,2.54,1.0
5934,18,1,0,2,20,5,0,1,1,1,1,1,3.53,4.0
5935,18,0,2,2,25,25,0,1,1,1,1,1,3.04,1.0
5936,16,1,2,2,20,30,0,1,1,1,1,1,3.45,1.0
5937,15,1,2,1,20,25,0,2,1,1,1,1,3.29,2.0
5938,18,0,2,2,20,15,0,1,1,1,1,1,3.45,4.0
5939,15,1,0,2,30,10,0,2,1,1,1,1,2.35,1.0
5940,18,1,1,3,15,20,0,1,1,1,1,1,2.45,2.0
5941,16,1,0,2,20,5,0,3,1,1,1,1,3.65,2.0
5942,17,1,1,3,15,20,0,1,1,1,1,1,1.21,3.0
5943,15,0,2,1,20,0,0,1,1,1,1,1,1.79,4.0
5944,18,1,1,3,25,25,0,2,1,1,1,1,1.13,3.0
5945,15,0,2,1,20,10,0,1,1,1,1,1,2.62,1.0
5946,15,1,0,3,25,0,0,3,1,1,1,1,3.12,2.0
5947,17,0,0,1,20,5,0,2,1,1,1,1,3.16,1.0
5948,17,1,2,1,20,20,0,3,1,1,1,1,1.6,3.0
5949,16,0,2,2,10,30,0,2,1,1,1,1,2.4,3.0
5950,16,0,0,1,30,15,0,1,1,1,1,1,2.54,4.0
5951,17,1,2,3,25,20,0,3,1,1,1,1,1.19,4.0
5952,15,0,2,2,10,0,0,1,1,1,1,1,3.81,2.0
5953,17,1,1,3,15,0,0,3,1,1,1,1,2.15,1.0
5954,15,1,1,3,10,15,0,3,1,1,1,1,3.76,4.0
5955,16,0,0,1,15,20,0,2,1,1,1,1,3.18,4.0
5956,17,0,2,2,10,25,0,1,1,1,1,1,1.52,3.0
5957,17,0,2,3,25,25,0,2,1,1,1,1,3.95,2.0
5958,18,1,1,3,30,20,0,1,1,1,1,1,2.81,2.0
5959,18,1,0,2,10,20,0,3,1,1,1,1,1.65,2.0
5960,15,0,2,3,30,25,0,2,1,1,1,1,3.76,2.0
5961,16,1,2,1,15,15,0,3,1,1,1,1,2.21,1.0
5962,15,1,0,3,15,30,0,1,1,1,1,1,2.72,3.0
5963,18,0,2,1,10,25,0,3,1,1,1,1,3.55,3.0
5964,15,1,2,3,30,0,0,1,1,1,1,1,1.21,2.0
5965,16,0,1,3,15,10,0,3,1,1,1,1,2.93,3.0
5966,16,1,0,1,10,25,0,3,1,1,1,1,1.11,3.0
5967,17,1,1,3,25,0,0,2,1,1,1,1,3.35,3.0
5968,15,1,2,1,20,10,0,2,1,1,1,1,1.54,3.0
5969,16,1,2,2,20,20,0,3,1,1,1,1,1.31,2.0
5970,17,0,0,3,20,25,0,2,1,1,1,1,3.19,2.0
5971,17,0,2,3,20,15,0,2,1,1,1,1,3.65,1.0
5972,17,1,2,1,25,10,0,2,1,1,1,1,2.19,2.0
5973,16,0,1,2,20,25,0,2,1,1,1,1,2.58,2.0
5974,17,0,1,1,30,5,0,3,1,1,1,1,2.46,2.0
5975,18,1,2,3,10,10,0,2,1,1,1,1,3.19,3.0
5976,16,1,1,1,15,10,0,3,1,1,1,1,3.28,4.0
5977,17,1,0,1,25,5,0,1,1,1,1,1,1.59,1.0
5978,15,1,1,3,25,0,0,1,1,1,1,1,2.43,3.0
5979,18,1,0,1,15,5,0,3,1,1,1,1,3.0,2.0
5980,17,0,0,1,25,0,0,1,1,1,1,1,1.17,2.0
5981,17,1,0,3,20,30,0,1,1,1,1,1,2.91,2.0
5982,16,0,2,2,10,0,0,1,1,1,1,1,1.44,3.0
5983,15,0,1,3,25,0,0,1,1,1,1,1,2.03,4.0
5984,16,1,2,1,10,25,0,2,1,1,1,1,2.53,4.0
5985,18,0,1,2,10,30,0,2,1,1,1,1,3.23,3.0
5986,17,0,2,3,15,0,0,3,1,1,1,1,1.51,3.0
5987,15,0,2,3,25,20,0,2,1,1,1,1,3.05,1.0
5988,17,0,1,1,10,25,0,3,1,1,1,1,1.83,1.0
5989,18,1,1,3,25,15,0,2,1,1,1,1,3.21,2.0
5990,18,1,0,1,15,20,0,2,1,1,1,1,1.09,2.0
5991,16,0,2,3,15,0,0,1,1,1,1,1,1.14,4.0
5992,15,0,2,3,15,10,0,1,1,1,1,1,2.07,2.0
5993,16,1,1,2,30,0,0,2,1,1,1,1,1.51,3.0
5994,18,0,1,1,20,25,0,2,1,1,1,1,3.74,4.0
5995,16,1,0,3,25,10,0,2,1,1,1,1,2.2,1.0
5996,17,1,2,1,20,0,0,2,1,1,1,1,2.27,3.0
5997,16,1,0,1,30,10,0,2,1,1,1,1,1.34,2.0
5998,17,0,0,1,30,30,0,2,1,1,1,1,2.06,4.0
5999,18,0,0,3,30,30,0,3,1,1,1,1,1.08,2.0
